Donta Abron<>7<>18<>RB<>190<>Fr<>Upland, CA
Cordary Allen<>7<>34<>DE<>245<>So<>Phenix City, AL
Isaac Archuleta<>7<>10<>DB<>205<>Fr<>Highlands Ranch, CO
Vincent Arvia<>7<>60<>OL<>285<>Fr<>San Diego, CA
David Bagby<>7<>84<>WR<>180<>Fr<>San Diego, CA
David Bakhtiari<>7<>59<>OL<>295<>Jr<>Burlingame, CA
Jered Bell<>7<>21<>DB<>195<>Jr<>Ontario, CA
Nate Bonsu<>7<>99<>DL<>280<>Jr<>Allen, TX
Brandan Brisco<>7<>35<>DB<>175<>Fr<>Oakland, CA
Brent Burnette<>7<>10<>QB<>215<>Sr<>Maryville, TN
Ed Caldwell<>7<>61<>OL<>295<>Fr<>Highlands Ranch, CO
Keenan Canty<>7<>12<>WR<>160<>So<>New Orleans, LA
Trevor Carver<>7<>62<>LS<>180<>Fr<>Louisville, CO
Justin Castor<>7<>40<>K<>200<>Jr<>Golden, CO
Jermane Clark<>7<>30<>LB<>200<>Fr<>Winston-Salem, NC
Brad Cotner<>7<>64<>OL<>280<>So<>Thousand Oaks, CA
Kaiwi Crabb<>7<>54<>OL<>280<>So<>Honolulu, HI
Kenneth Crawley<>7<>2<>DB<>170<>Fr<>Washington, DC
Malcolm Creer<>7<>10<>RB<>205<>So<>Los Angeles, CA
Terrence Crowder<>7<>34<>RB<>210<>Fr<>Galena Park, TX
Brady Daigh<>7<>43<>LB<>250<>So<>Littleton, CO
Ryan Dannewitz<>7<>53<>OL<>300<>Sr<>San Jacinto, CA
Jarrod Darden<>7<>82<>WR<>210<>Jr<>Keller, TX
Shane Dillon<>7<>7<>QB<>190<>Fr<>El Cajon, CA
Stevie Joe Dorman<>7<>18<>QB<>205<>Fr<>Somerset, TX
Thor Eaton<>7<>92<>DL<>210<>Fr<>Colorado Springs, CO
Dustin Ebner<>7<>83<>WR<>185<>Sr<>Arvada, CO
Vince Ewing<>7<>27<>LB<>205<>Sr<>Carlsbad, CA
Scott Fernandez<>7<>99<>TE<>250<>Jr<>Broomfield, CO
Josh Ford<>7<>29<>RB<>205<>Jr<>Denver, CO
D.D. Goodson<>7<>21<>RB<>170<>So<>Rosenberg, TX
Justin Gorman<>7<>14<>WR<>200<>Fr<>Manheim, PA
Woodson Greer<>7<>37<>LB<>225<>So<>Carson, CA
Zach Grossnickle<>7<>15<>P<>195<>Jr<>Denver, CO
Jeffrey Hall<>7<>16<>DB<>180<>Fr<>LaPlace, LA
Gus Handler<>7<>55<>OL<>295<>Jr<>Barrington, IL
Will Harlos<>7<>28<>DB<>210<>Fr<>Somerset, TX
Sherrard Harrington<>7<>23<>DB<>180<>Fr<>Washington, DC
Jack Harris<>7<>75<>OL<>305<>Jr<>Parker, CO
Luke Hartung<>7<>63<>OL<>230<>Fr<>Danville, CA
Greg Henderson<>7<>20<>DB<>185<>So<>Corona, CA
Tyler Henington<>7<>94<>DL<>285<>Fr<>Centennial, CO
Nick Hirschman<>7<>8<>QB<>230<>So<>Los Gatos, CA
Jesse Hiss<>7<>40<>FB<>225<>Fr<>Bonner Springs, KS
Vincent Hobbs<>7<>15<>TE<>240<>Fr<>Dallas, TX
Harrison Hunt<>7<>35<>WR<>180<>Fr<>Cleveland Heights, OH
Harrison Hunter<>7<>29<>DB<>180<>So<>Colorado Springs, CO
Jeromy Irwin<>7<>76<>OL<>280<>Fr<>Cypress, TX
Sean Irwin<>7<>81<>TE<>230<>Fr<>Cypress, TX
Ryan Iverson<>7<>69<>LS<>220<>Jr<>Newport Beach, CA
Scotty Jarvis<>7<>50<>LB<>230<>So<>Los Altos, CA
Clay Jones<>7<>48<>LB<>220<>Fr<>Palo Alto, CA
Tony Jones<>7<>26<>RB<>190<>So<>Paterson, NJ
Samson Kafovalu<>7<>93<>DL<>250<>Fr<>Riverside, CA
Nick Kasa<>7<>44<>TE<>260<>Sr<>Thornton, CO
Alex Kelley<>7<>74<>OL<>310<>Fr<>Oceanside, CA
Kyle Koch<>7<>97<>DL<>255<>Fr<>Englewood, CO
Keegan LaMar<>7<>65<>LS<>245<>Fr<>Boulder, CO
Alex Lewis<>7<>71<>OL<>285<>So<>Tempe, AZ
Jon Major<>7<>31<>LB<>235<>Sr<>Parker, CO
Tyler McCulloch<>7<>87<>WR<>210<>So<>Albuquerque, NM
Marques Mosley<>7<>17<>DB<>180<>Fr<>Upland, CA
Josh Moten<>7<>39<>DB<>195<>So<>Carson, CA
Daniel Munyer<>7<>52<>OL<>295<>So<>Tarzana, CA
Jordan Murphy<>7<>33<>FB<>225<>So<>Castle Rock, CO
Marc Mustoe<>7<>72<>OL<>280<>Fr<>Broomfield, CO
Stephane Nembot<>7<>77<>OL<>305<>Fr<>Van Nuys, CA
Andre Nichols<>7<>58<>DL<>225<>So<>Colorado Springs, CO
Clay Norgard<>7<>36<>FB<>240<>Fr<>Highlands Ranch, CO
Darragh O'Neill<>7<>8<>P<>185<>So<>Louisville, CO
Will Oliver<>7<>28<>K<>195<>So<>Los Angeles, CA
Parker Orms<>7<>13<>DB<>195<>Jr<>Wheat Ridge, CO
Tommy Papilion<>7<>27<>DB<>210<>Jr<>Englewood, CO
Juda Parker<>7<>56<>DL<>250<>So<>Aiea, HI
Davien Payne<>7<>30<>RB<>220<>Fr<>Perris, CA
Will Pericak<>7<>83<>DL<>285<>Sr<>Boulder, CO
Nick Plimpton<>7<>38<>FB<>220<>Fr<>Phoenix, AZ
Ray Polk<>7<>7<>DB<>205<>Sr<>Scottsdale, AZ
Kirk Poston<>7<>91<>DL<>250<>So<>Houston, TX
Christian Powell<>7<>46<>FB<>235<>Fr<>Upland, CA
Kory Rasmussen<>7<>49<>DL<>280<>Fr<>Ewa Beach, HI
Austin Ray<>7<>89<>TE<>240<>Fr<>Columbia, MO
Paul Richardson<>7<>6<>WR<>170<>Jr<>Gardena, CA
Eric Richter<>7<>70<>OL<>310<>Sr<>Mission Viejo, CA
Doug Rippy<>7<>3<>LB<>245<>Sr<>Trotwood, OH
John Schrock<>7<>14<>QB<>220<>Fr<>Kansas City, KS
Kyle Slavin<>7<>88<>TE<>245<>So<>Littleton, CO
Josh Smith<>7<>23<>WR<>160<>Fr<>New Orleans, LA
Terrel Smith<>7<>41<>DB<>190<>Jr<>Paterson, NJ
Justin Solis<>7<>57<>DL<>305<>Fr<>Thousand Oaks, CA
Nelson Spruce<>7<>22<>WR<>195<>Fr<>Westlake Village, CA
Alexander Stewart<>7<>38<>DB<>155<>Fr<>Houston, TX
John Stuart<>7<>82<>DL<>250<>Fr<>Westlake Village, CA
Gerald Thomas<>7<>25<>WR<>175<>Fr<>New Orleans, LA
Jeffrey Thomas<>7<>9<>WR<>195<>Fr<>Dallas, TX
River Thompson<>7<>38<>DB<>155<>Fr<>Denver, CO
DaVaughn Thornton<>7<>85<>TE<>230<>Jr<>Denver, CO
K.T. Tu'umalo<>7<>42<>LB<>200<>So<>Honolulu, HI
Josh Tupou<>7<>55<>DL<>325<>Fr<>Long Beach, CA
Alex Turbow<>7<>86<>WR<>195<>Jr<>San Luis Obispo, CA
John Tuso<>7<>51<>DL<>275<>Fr<>Englewood, CO
Chidera Uzo-Diribe<>7<>96<>DL<>250<>Jr<>Corona, CA
Paul Vigo<>7<>32<>LB<>200<>Jr<>New Brunswick, NJ
John Walker<>7<>26<>DB<>165<>Fr<>Washington, DC
Kyle Washington<>7<>4<>LB<>220<>So<>Pasadena, CA
Derrick Webb<>7<>1<>LB<>230<>Jr<>Memphis, TN
Jordan Webb<>7<>4<>QB<>205<>Jr<>Union, MO
D.J. Wilhelm<>7<>97<>P<>190<>So<>Clear Lake, IA
Lowell Williams<>7<>45<>LB<>200<>So<>Missouri City, TX
Peyton Williams<>7<>10<>WR<>185<>Fr<>Southlake, TX
De'Jon Wilson<>7<>90<>DL<>250<>Fr<>Washington, DC
Alex Wood<>7<>47<>FB<>245<>Jr<>Steamboat Springs, CO
Connor Wood<>7<>5<>QB<>225<>So<>Houston, TX
Yuri Wright<>7<>5<>DB<>175<>Fr<>Spring Valley, NY
Richard Yates<>7<>33<>DB<>185<>So<>Lakewood, CO
