Usua Amanam<>1<>15<>NB<>176<>SR<>Fremont, CA/Bellarmine College Prep.
Henry Anderson<>1<>91<>DE<>278<>JR<>Atlanta, GA/Woodward Academy
Kevin Anderson<>1<>48<>OLB<>250<>SO<>Palo Alto, CA/Palo Alto HS
Brendon Austin<>1<>74<>OT<>300<>SO<>Parker, CO/Chaparral HS
Harold Bernard<>1<>28<>SS<>189<>RS SR<>Chandler, AZ/Chandler HS
Dillon Bonnell<>1<>75<>OG<>281<>JR<>Highlands Ranch, CO/ThunderRidge Hs
Terrence Brown<>1<>6<>CB<>178<>SR<>Torrance, CA/Orange Lutheran HS
Barry Browning<>1<>31<>CB<>182<>JR<>Everman, TX/Everman HS
Devon Cajuste<>1<>89<>WR<>216<>SO<>Seaford, NY/Holy Cross HS
Lance Callihan<>1<>95<>DT<>300<>SO<>Baton Rouge, LA/Catholic HS
Devon Carrington<>1<>5<>FS<>199<>JR<>Chandler, AZ/Hamilton HS
Alex Carter<>1<>25<>CB<>200<>FR<>Ashburn, VA/Briar Woods HS
Johnny Caspers<>1<>57<>OG<>269<>FR<>Glen Ellyn, IL/Glenbard West HS
Conner Crane<>1<>81<>WR<>188<>FR<>Lantana, TX/John H. Guyer HS
Evan Crower<>1<>5<>QB<>210<>SO<>San Diego, CA/St. Augustine HS
Jackson Cummings<>1<>23<>RB<>190<>JR<>Rocklin, CA/Rocklin HS
Kevin Danser<>1<>76<>OG<>298<>SR<>Saratoga, CA/Bellarmine College Prep.
Nick Davidson<>1<>66<>OT<>276<>FR<>Eden Prarie, MN/Eden Prarie
Noor Davis<>1<>3<>OLB<>235<>FR<>Leesburg, FL/Leesburg HS
Alex Debniak<>1<>42<>OLB<>240<>RS SR<>Hudsonville, MI/Hudsonville HS
Davis Dudchock<>1<>83<>TE<>242<>JR<>Birmingham, AL/Oak Mountain HS
Zach Ertz<>1<>86<>TE<>252<>SR<>Alamo, CA/Monte Visa HS
Brent Etiz<>1<>50<>ILB<>207<>SR<>Clovis, CA/Buchanan HS
John Flacco<>1<>44<>WR<>196<>JR<>Audubon, NJ/Audubon HS
Cameron Fleming<>1<>73<>OT<>314<>JR<>Houston, TX/Cypress Creek HS
Alex Frkovic<>1<>82<>TE<>240<>FR<>London, Ontario/A.B. Lucas Secondary School
George Fullerton<>1<>59<>ILB<>215<>FR<>Piedmont, CA/Piedmont HS
Chris Gaertner<>1<>37<>FS<>185<>JR<>Atherton, CA/Sacred Heart Prep
Ben Gardner<>1<>49<>DE<>275<>SR<>Mequon, WI/Homestead HS
Joshua Garnett<>1<>51<>OG<>325<>FR<>Puyallup, WA/Puyallup HS
Brandon Gottfried<>1<>9<>TE<>217<>JR<>Orange Beach, AL/Gulf Shores HS
Jacob Gowan<>1<>56<>LS<>260<>SR<>Santa Rosa, CA/Cardinal Newman HS
Chris Harrell<>1<>82<>TE<>225<>FR<>Missouri City, TX/Elkins HS
Ronnie Harris<>1<>23<>NB<>172<>SO<>Atlanta, GA/Westlake HS
Anthony Hayes<>1<>97<>DT<>298<>SO<>Brooklyn Park, MN/St. Thomas Academy
Joe Hemschoot<>1<>40<>ILB<>225<>JR<>Lakewood, CO/Lakewood HS
Ryan Hewitt<>1<>85<>FB<>248<>SR<>Denver, CO/J.K. Mullen HS
Zach Hoffpauir<>1<>10<>SS<>203<>FR<>Glendale, AZ/Centennial HS
Kevin Hogan<>1<>8<>QB<>224<>SO<>McLean, VA/Gonzaga College HS
Charlie Hopkins<>1<>92<>DE<>274<>SO<>Spokane, WA/Gonzaga Prep
Craig Jones<>1<>59<>ILB<>220<>FR<>Modesto, CA/Central Catholic HS
Dontonio Jordan<>1<>14<>WR<>183<>FR<>Hickory Creek, TX/Lake Dallas HS
Matt Kasner<>1<>46<>TE<>226<>SO<>Granite Bay, CA/Granite Bay HS
Luke Kaumatule<>1<>98<>TE<>253<>FR<>Honolulu, HI/Punahou School
Sam Knapp<>1<>80<>WR<>208<>SR<>Menlo Park, CA/Menlo-Atherton HS
Gautam Krishnamurthi<>1<>38<>WR<>170<>SO<>Saratoga, CA/Harker School
Cason Kynes<>1<>41<>SS<>187<>SR<>Annandale, VA/Annandale HS
Jarek Lancaster<>1<>35<>ILB<>242<>SR<>Helotes, TX/Sandra Day O'Connor HS
Dallas Lloyd<>1<>15<>QB<>199<>FR<>Pleasant Grove, UT/Pleasant Grove HS
Nate Lohn<>1<>55<>DE<>273<>FR<>Kansas City, MO/Staley HS
Blake Lueders<>1<>43<>OLB<>256<>JR<>Zionsville, IN/Zionsville Community HS
Wayne Lyons<>1<>2<>CB<>187<>SO<>Ft. Lauderdale, FL/Dillard HS
Drew Madhu<>1<>21<>FS<>192<>FR<>Tampa, FL/H.B. Plant
Blake Martinez<>1<>4<>ILB<>237<>FR<>Tucson, AZ/Canyon del Oro
Josh Mauro<>1<>90<>DE<>277<>SR<>Hurst, TX/L.D. Bell HS
Conor McFadden<>1<>61<>C/OG<>284<>JR<>West St. Paul, MN/St. Thomas Academy
Geoff Meinken<>1<>10<>FB<>252<>SR<>Lynnwood, WA/Lynnwood HS
Sam Mercer<>1<>45<>ILB<>218<>SO<>Thousand Oaks, CA/Chaminade College Prep
Reed Miller<>1<>67<>LS<>225<>FR<>Encinitas, CA/Santa Fe Christian School
Ty Montgomery<>1<>88<>WR<>212<>SO<>Dallas, TX/St. Mark's School of Texas
Brian Moran<>1<>60<>OT/OG<>309<>SO<>Menlo Park, CA/Sacred Heart Prep
Myles Muagututia<>1<>47<>ILB<>223<>SR<>Oceanside, CA/Francis Parker HS
Kyle Murphy<>1<>78<>OT<>280<>FR<>San Clemente, CA/San Clemente
Trent Murphy<>1<>93<>OLB<>261<>SR<>Phoenix, AZ/Brophy College Prep
Keanu Nelson<>1<>20<>WR<>178<>JR<>Tucson, AZ/Sabino HS
Brett Nottingham<>1<>7<>QB<>212<>JR<>Alamo, CA/Monte Visa HS
Josh Nunes<>1<>6<>QB<>225<>SR<>Upland, CA/Upland HS
Ikenna Nwafor<>1<>94<>DT/DE<>308<>FR<>Irving, TX/Cistercian Preparatory School
David Olson<>1<>10<>QB<>210<>JR<>Columbia, SC/Irmo HS
Kyle Olugbode<>1<>22<>FS<>194<>JR<>San Jose, CA/Bellarmine Prep
David Parry<>1<>58<>DT<>300<>JR<>Marion, IA/Linn Marr HS
Jamal-Rashad Patterson<>1<>21<>WR<>208<>SR<>McDonough, GA/Henry County HS
Josiah Paye<>1<>34<>FS<>170<>FR<>Nevada City, CA/Nevada Union
Andrus Peat<>1<>70<>OT<>308<>FR<>Chandler, AZ/Corona del Sol
Robbie Picazo<>1<>13<>QB<>212<>SR<>Santa Margarita, CA/Tesoro HS
Ra'Chard Pippens<>1<>38<>CB<>195<>SO<>McDonough, GA/Ola HS
Eddie Plantaric<>1<>69<>OT<>276<>JR<>Orangevale, CA/Del Campo HS
Jordan Pratt<>1<>87<>WR<>215<>SO<>Monmouth, OR/Central HS
Michael Rector<>1<>3<>WR<>178<>FR<>Gig Harbor, WA/Bellarmine Preparatory
Kevin Reihner<>1<>63<>C<>294<>SO<>Scranton, PA/Scranton Prep
Ed Reynolds<>1<>29<>FS<>207<>JR<>Orange Park, FL/Woodberry Forest HS
Ben Rhyne<>1<>14<>P/K<>197<>JR<>Charlotte, NC/Charlotte Country Day School
Jordan Richards<>1<>8<>SS<>208<>SO<>Folsom, CA/Folsom HS
Jemari Roberts<>1<>84<>TE<>233<>SR<>Long Beach, CA/Wilson HS
Torsten Rotto<>1<>53<>OLB<>236<>SO<>Woodbury, MN/Woodbury HS
JB Salem<>1<>72<>DE<>266<>SO<>Newport Beach, CA/Newport Beach HS
Barry Sanders<>1<>26<>RB<>191<>FR<>Oklahoma City, OK/Heritage Hall
Sam Schwartzstein<>1<>64<>C<>292<>RS SR<>Southlake, TX/Carroll HS
Ricky Seale<>1<>30<>RB<>193<>JR<>Escondido, CA/Escondido HS
Brent Seals<>1<>27<>SS<>189<>SR<>Chino Hills, CA/Bishop Amat HS
Aziz Shittu<>1<>7<>DE<>264<>FR<>Atwater, CA/Buhach Colony
Sam Shober<>1<>67<>OLB<>220<>FR<>Monroe, WA/Archbishop Murphy
Graham Shuler<>1<>52<>C/OG<>268<>FR<>Franklin, TN/Brentwood Academy
Patrick Skov<>1<>24<>FB<>238<>SO<>Piedmont, CA/The Lawrenceville School
Shayne Skov<>1<>11<>ILB<>242<>SR<>Piedmont, CA/Trinity-Pawling School
Rollins Stallworth<>1<>13<>WR<>194<>SO<>Reno, NV/McQueen HS
Terrence Stephens<>1<>99<>DT<>305<>SR<>Gaithersburg, MD/Quince Orchard HS
Andrew Stutz<>1<>29<>RB/FB<>202<>SR<>Scottsdale, AZ/Notre Dame Prep
Spencer Summers<>1<>24<>K<>177<>SO<>Minneapolis, MN/Minnehaha Academy
AJ Tarpley<>1<>17<>ILB<>238<>JR<>Plymouth, MN/Wayzata HS
Stepfan Taylor<>1<>33<>RB<>215<>SR<>Mansfield, TX/Mansfield HS
Drew Terrell<>1<>4<>WR<>180<>SR<>Chandler, AZ/Hamilton HS
Chase Thomas<>1<>44<>OLB<>248<>RS SR<>Marietta, GA/Walton HS
Levine Toilolo<>1<>11<>TE<>265<>SR<>La Mesa, CA/Helix HS
Jeff Trojan<>1<>18<>WR<>185<>JR<>Huntington Beach, CA/Edison HS
Austin Tubbs<>1<>62<>LS<>203<>SO<>San Clemente, CA/San Clemente HS
Conrad Ukropina<>1<>34<>P/K<>175<>FR<>Pasadena, CA/Loyola
Cole Underwood<>1<>50<>OT/OG<>301<>JR<>Denton, TX/John H. Guyer HS
James Vaughters<>1<>9<>ILB<>246<>SO<>Stone Mountain, GA/Tucker HS
Lee Ward<>1<>46<>FB<>245<>JR<>Chesterfield, MO/Parkway Central HS
Jordan Watkins<>1<>75<>DT/DE<>274<>FR<>Decatur, GA/Woodward Academy
Kodi Whitfield<>1<>9<>WR<>188<>FR<>Los Angeles, CA/Loyola
Anthony Wilkerson<>1<>32<>RB<>218<>JR<>Foothill Ranch, CA/Tustin HS
Khalil Wilkes<>1<>65<>OG<>291<>SR<>Teaneck, NJ/St. Peters Prep.
Jordan Williamson<>1<>19<>K<>192<>JR<>Austin, TX/Westwood HS
Remound Wright<>1<>22<>RB<>205<>SO<>Fort Wayne, IN/Bishop Dwenger HS
David Yankey<>1<>54<>OG<>301<>JR<>Roswell, GA/Centennial HS
Alex Yazdi<>1<>79<>DE<>255<>SO<>Cave Creek, AZ/Cactus Shadows HS
Kelsey Young<>1<>39<>WR/RB<>195<>SO<>Norco, CA/Norco HS
Sam Yules<>1<>68<>ILB<>230<>FR<>Dartmouth, MA/Moses Brown School
Daniel Zychlinski<>1<>36<>P<>208<>RS SR<>Tampa, FL/King HS
Chris Adcock<>2<>58<>OL<>300<>SO<>Rowlett, TX (Dallas Christian HS)
Ted Agu<>2<>35<>LB<>240<>SO<>Bakersfield, CA (Frontier HS)
Keenan Allen<>2<>21<>WR<>210<>JR<>Greensboro, NC (Northern Guilford HS/Grimsley HS)
CJ Anderson<>2<>9<>TB<>210<>SR<>Vallejo, CA (Laney College/Bethel HS)
Ross Anderson<>2<>36<>WR<>219<>FR<>Moraga, CA (Miramonte HS)
Stephen Anderson<>2<>89<>WR<>210<>RS FR<>San Jose, CA (Piedmont Hills HS)
Marc Anthony<>2<>2<>DB<>200<>SR<>Chandler, AZ (Chandler HS)
Todd Barr<>2<>41<>DL<>275<>RS FR<>Lakewood, CA (Lakewood HS)
Mitchel Bartolo<>2<>27<>TB<>190<>JR<>San Diego, CA (Westview HS)
Michael Barton<>2<>8<>LB<>220<>FR<>Concord, CA (De La Salle HS)
Noah Beito<>2<>19<>PK<>175<>FR<>Scotts Valley, CA (Scotts Valley HS)
Brendan Bigelow<>2<>5<>TB<>190<>SO<>Fresno, CA (Central East HS)
Kyle Boehm<>2<>6<>QB<>220<>RS FR<>San Jose, CA (Archbishop Mitty HS)
Ross Bostock<>2<>81<>WR<>202<>SR<>Sebastapol, CA (Analy HS)
Jackson Bouza<>2<>28<>WR<>185<>JR<>Lafayette, CA (De La Salle HS)
Mark Brazinski<>2<>68<>OL<>300<>JR<>Basking Ridge, NJ (Immaculata HS)
Spencer Briare<>2<>41<>TE<>230<>FR<>Granite Bay, CA (Granite Bay HS)
Allan Bridgford<>2<>16<>QB<>220<>JR<>Mission Viejo, CA (Mission Viejo HS)
Nathan Broussard<>2<>22<>LB<>246<>RS FR<>Plano, TX (Plano West HS)
Brett Buchanan<>2<>46<>TE<>225<>SO<>Encinitas, CA (San Diego/Sante Fe Christian HS)
Benjamin Calder<>2<>36<>PK<>200<>RS FR<>Houston, TX (Lamar HS/Westbury Christian HS)
Dan Camporeale<>2<>43<>LB<>247<>JR<>Lafayette, CA (Acalanes HS)
Austin Clark<>2<>54<>DL<>275<>JR<>Tampa, FL (Plant HS)
Matt Cochran<>2<>74<>OL<>345<>FR<>Atwater, CA (Buhach Colony HS)
Deandre Coleman<>2<>91<>DL<>309<>JR<>Seattle, WA (Garfield HS)
Idarre Coles<>2<>83<>WR<>170<>SO<>Visalia, CA (Redwood HS)
Jeffrey Coprich<>2<>30<>DB<>170<>FR<>Stevenson Ranch, CA (West Ranch HS/Golden Valley HS)
Alejandro Crosthwaite<>2<>71<>OL<>300<>SO<>Rosarito Beach, Mexico (Cathedral Catholic HS)
Vincenzo D'Amato<>2<>13<>PK<>200<>JR<>Lake Forest, CA (El Toro HS)
Antione Davis<>2<>24<>DL<>220<>SO<>El Sobrante, CA (Contra Costa College/Pinole Valley HS)
Jake Davis<>2<>82<>TE<>220<>JR<>King City, CA (Monterey Peninsula College/King City HS)
Cedric Dozier<>2<>7<>DB<>175<>FR<>Roanoke, AL (Lakes HS)
Damariay Drew<>2<>27<>DB<>200<>FR<>Livermore, CA (Livermore HS)
Tyré Ellison<>2<>31<>DB<>200<>SR<>San Francisco, CA (Burton HS)
Darren Ervin<>2<>30<>TB<>197<>RS FR<>Houston, TX (Lamar HS)
Maximo Espitia<>2<>19<>TE<>220<>FR<>Salem, OR (South Salem HS)
Dan Fadelli<>2<>33<>DB<>191<>FR<>Moraga, CA (Campolindo HS)
Brian Farley<>2<>59<>OL<>291<>RS FR<>San Diego, CA (Patrick Henry HS)
Nick Forbes<>2<>11<>LB<>236<>SO<>Frederick, MD (Governor Thomas Johnson HS)
Khairi Fortt<>2<>13<>LB<>238<>JR<>Stamford, CT (Stamford HS)
Donovan Frazer<>2<>61<>OL<>285<>JR<>Martinez, CA (Laney College/Alhambra HS)
Dominic Galas<>2<>65<>OL<>290<>SR<>Modesto, CA (Central Catholic HS)
Geoffrey Gibson<>2<>70<>OL<>315<>SO<>Las Vegas, NV (Bishop Gorman HS)
Jason Gibson<>2<>9<>LB<>225<>RS FR<>Gardena, CA (Junipero Serra HS)
Lucus Gingold<>2<>44<>FB<>237<>JR<>Clovis, CA (Reedley College/San Diego/Buchanan HS)
James Grisom<>2<>85<>WR<>180<>SO<>Lynwood, CA (Lynwood HS)
Spencer Hagan<>2<>87<>TE<>235<>JR<>Sacramento, CA (Capital Christian HS)
Chris Harper<>2<>6<>WR<>170<>FR<>Encino, CA (Crespi HS)
Maurice Harris<>2<>3<>WR<>205<>RS FR<>Greensboro, NC (Northern Guilford HS)
Josh Hill<>2<>23<>DB<>203<>SR<>Houston, TX (Klein Forest HS)
Austin Hinder<>2<>7<>QB<>200<>SO<>Steamboat Springs, CO (Steamboat Springs HS)
Jonah Hodges<>2<>31<>TB<>175<>FR<>Santa Cruz, CA (Santa Cruz HS)
JP Hurrell<>2<>34<>LB<>230<>SR<>San Mateo, CA (Junipero Serra HS)
Kameron Jackson<>2<>3<>DB<>185<>SO<>Long Beach, CA (Long Beach Poly HS)
Mustafa Jalil<>2<>90<>DL<>280<>SO<>San Diego, CA (Cathedral Catholic HS)
Jalen Jefferson<>2<>7<>LB<>225<>RS FR<>Ventura, CA (St. Bonaventure HS)
Keni Kaufusi<>2<>56<>DL<>280<>JR<>Salt Lake City, UT (Cottonwood HS)
Brendan Keeney<>2<>14<>QB<>220<>FR<>Granite Bay, CA (Granite Bay HS)
Gabe King<>2<>99<>DL<>293<>SO<>Burlington, NC (South Eugene HS/Aiken HS)
Lucas King<>2<>10<>LB<>235<>SO<>Berkeley, CA (Berkeley HS)
Zach Kline<>2<>8<>QB<>200<>FR<>Danville, CA (San Ramon Valley HS)
Kameron Krebs<>2<>26<>FB<>235<>SR<>Sunset Beach, HI (Oregon State/Mission Viejo HS/Kahuku HS)
Kaulin Krebs<>2<>88<>WR<>188<>SR<>Sunset Beach, HI (Oregon State/Kahuku HS)
Cary Kriegsman<>2<>83<>LS<>195<>SO<>Pacific Palisades, CA (Loyola HS)
James Langford<>2<>45<>PK<>200<>JR<>Pleasanton, CA (Cal Poly/Foothill HS)
Isaac Lapite<>2<>20<>DB<>185<>SO<>Eugene, OR (Sheldon HS/South Eugene HS)
Daniel Lasco<>2<>2<>TB<>206<>RS FR<>The Woodlands, TX (The Woodlands HS)
Kenny Lawler<>2<>4<>WR<>185<>FR<>Pomona, CA (Upland HS)
Adrian Lee<>2<>15<>DB<>200<>SO<>Dallas, TX (Skyline HS)
Cole Leininger<>2<>16<>P<>200<>FR<>Fruit Cove, FL (Bartram Trail HS)
Alex Logan<>2<>6<>DB<>200<>JR<>Denver, CO (Mullen HS)
Puka Lopa<>2<>75<>DL<>230<>RS FR<>Sacramento, CA (Grant HS)
Michael Lowe<>2<>5<>DB<>210<>SO<>Hyattsville, MD (DeMatha Catholic HS)
Brandon Madueno<>2<>86<>LS<>243<>JR<>West Covina, CA (Damien HS)
Joey Mahalic<>2<>22<>QB<>220<>FR<>Portland, OR (Wilson HS)
Mike Manuel<>2<>13<>TB<>198<>SR<>Carson, CA (Golden West College/Los Alamitos HS/Carson HS)
Matt Mayes<>2<>28<>DB<>204<>SO<>Alturas, CA (Modoc HS)
Zach Maynard<>2<>15<>QB<>185<>SR<>Greensboro, NC (Buffalo/Grimsley HS)
Chris McCain<>2<>40<>LB<>225<>SO<>Greensboro, NC (Oakridge Military Academy/Northern Guilford HS)
Stefan McClure<>2<>21<>DB<>188<>SO<>Vista, CA (Vista HS)
Bryce McGovern<>2<>86<>WR<>200<>SO<>Danville, CA (Monte Vista HS)
Viliami Moala<>2<>55<>DL<>335<>SO<>Sacramento, CA (Grant HS)
Tanner Mohr<>2<>33<>FB<>235<>JR<>Davis, CA (Davis HS)
Steven Moore<>2<>64<>OL<>280<>FR<>Elk Grove, CA (Elk Grove HS)
Duke Moran<>2<>93<>LS<>215<>FR<>Menlo Park, CA (Sacred Heart Prep HS)
Jordan Morgan<>2<>29<>DB<>196<>FR<>Chandler, AZ (Blue Ridge HS/Valley Christian HS)
Steffan Mos<>2<>40<>P<>207<>SO<>San Diego, CA (Grossmont College/Clairemont HS)
Robert Mullins<>2<>37<>LB<>225<>SR<>Los Angeles, CA (Dorsey HS)
Hardy Nickerson<>2<>47<>LB<>225<>FR<>Oakland, CA (Bishop O'Dowd HS)
Bradley Northnagel<>2<>98<>LS<>225<>FR<>San Carlos, CA (Junipero Serra HS)
Christian Okafor<>2<>76<>OL<>310<>FR<>Houston, TX (Westbury HS)
Ikem Okwudiafor<>2<>26<>DB<>200<>SO<>Hayward, CA (Mission San Jose HS/St. Mary's College HS)
Kendrick Payne<>2<>96<>DL<>283<>SR<>Houston, TX (Klein Forest HS)
Nathan Phillip<>2<>39<>TE<>240<>JR<>Oakland, CA (City College of San Francisco/Bishop O'Dowd HS)
Griffin Piatt<>2<>35<>WR<>190<>FR<>Moraga, CA (Campolindo HS)
Darius Powe<>2<>10<>WR<>212<>FR<>Lakewood, CA (Lakewood HS)
Jordan Rigsbee<>2<>73<>OL<>306<>RS FR<>Chico, CA (Pleasant Valley HS)
Tyler Rigsbee<>2<>77<>OL<>290<>SR<>Chico, CA (Pleasant Valley HS)
Richard Rodgers<>2<>11<>TE<>265<>SO<>Worcester, MA (St. John's HS)
Vachel Samuels<>2<>32<>DB<>192<>JR<>Compton, CA (Lynwood HS)
Brennan Scarlett<>2<>17<>LB<>255<>SO<>Portland, OR (Central Catholic HS)
Brian Schwenke<>2<>57<>OL<>300<>SR<>Oceanside, CA (Oceanside HS)
Avery Sebastian<>2<>4<>DB<>190<>SO<>McDonough, GA (Eagle's Landing Christian HS/Union Grove HS)
John Sheperdson<>2<>69<>LS<>220<>SO<>Danville, CA (San Ramon Valley HS)
Chad Smith<>2<>14<>P<>210<>SO<>Los Angeles, CA (Loyola HS)
Isi Sofele<>2<>20<>TB<>200<>SR<>Salt Lake City, UT (Cottonwood HS)
Eric Stevens<>2<>48<>FB<>242<>SR<>San Pedro, CA (Peninsula HS)
Matt Summers-Gavin<>2<>75<>OL<>300<>SR<>San Francisco, CA (St. Ignatius HS)
Freddie Tagaloa<>2<>78<>OL<>340<>FR<>Richmond, CA (Salesian HS)
Aaron Tipoti<>2<>50<>DL<>280<>SR<>Honolulu, HI (Word of Life Academy)
Bryce Treggs<>2<>1<>WR<>175<>FR<>Inglewood, CA (St. John Bosco HS)
Bill Tyndall<>2<>79<>OL<>285<>JR<>Pacific Grove, CA (Monterey Peninsula College/Pacific Grove HS)
Jacob Wark<>2<>84<>TE<>255<>SO<>Tualatin, OR (Jesuit HS)
Cecil Whiteside<>2<>14<>LB<>229<>SO<>Newport Beach, CA (Newport Harbor HS)
Harrison Wilfley<>2<>80<>TE<>255<>JR<>Sacramento, CA (American River College/Casa Roble HS)
David Wilkerson<>2<>44<>LB<>230<>SO<>Danville, CA (Monte Vista HS)
Matt Williams<>2<>72<>OL<>300<>JR<>Liverpool, England (North Dakota St. College of Science/Proctor Acad.)
Steve Williams<>2<>1<>DB<>185<>JR<>Dallas, TX (Skyline HS)
Joel Willis<>2<>18<>DB<>188<>RS FR<>Garden Grove, CA (Pacifica HS)
Patrick Worstell<>2<>25<>WR<>175<>FR<>Danville, CA (San Ramon Valley HS)
Dasarte Yarnway<>2<>23<>FB<>220<>JR<>San Francisco, CA (Sacred Heart Cathedral HS)
Matt Adamson<>3<>68<>OL<>285<>Fr<>Murrieta, CA
Kyle Adkins<>3<>24<>RB<>195<>Fr<>Woodinville, WA
Najee Ali<>3<>43<>WR<>220<>Fr<>Rainier Beach, WA
Jeremiah Allison<>3<>8<>LB<>210<>Fr<>Los Angeles, CA
John Taylor Altomare<>3<>46<>LB<>226<>Sr<>Auburn, WA
Brent Anderson<>3<>61<>OL<>267<>So<>Kennewick, WA
Gordy Anderson<>3<>19<>TE<>236<>So<>Port Orchard, WA
Austin Apodaca<>3<>2<>QB<>180<>Fr<>Longmont, CO
Tyler Baker<>3<>26<>WR<>180<>Fr<>Bullard, TX
Robert Barber<>3<>92<>NT<>291<>Fr<>Pago Pago,
Charles Barden<>3<>75<>OL<>267<>Fr<>Boise, ID
Brett Bartolone<>3<>19<>WR<>179<>Fr<>La Habra, CA
Matthew Bock<>3<>71<>DL<>252<>Jr<>Santa Margarita, CA
Blair Bomber<>3<>89<>WR<>166<>So<>Lynden, WA
Bennett Bontemps<>3<>25<>WR<>191<>Jr<>Puyallup, WA
Elliott Bosch<>3<>60<>OL<>271<>Jr<>Spokane, WA
Michael Bowlin<>3<>46<>K<>204<>Jr<>Aliso Viejo, CA
Phillip Brandt<>3<>28<>RB<>224<>Sr<>Fresno, CA
Zach Brevick<>3<>70<>OL<>270<>Jr<>Snoqualmie, WA
Leon Brooks<>3<>23<>RB<>166<>Jr<>Harbor City, CA
Austin Brown<>3<>79<>DL<>255<>Fr<>Meridian, ID
Jesse Brown<>3<>8<>QB<>189<>Fr<>Baker City, OR
David Bucannon<>3<>32<>S<>184<>Fr<>Fairfield, CA
Deone Bucannon<>3<>20<>S<>192<>Jr<>Fairfield, CA
Jared Byers<>3<>37<>LB<>218<>So<>Pullman, WA
Teondray Caldwell<>3<>34<>RB<>189<>Fr<>Los Angeles, CA
Anthony Carpenter<>3<>4<>S<>190<>Jr<>Los Angeles, CA
Moritz Christ<>3<>62<>DL<>319<>Fr<>Siegen,
Tracy Clark<>3<>27<>CB<>181<>So<>Pittsburg, CA
Justin Clayton<>3<>90<>DL<>268<>Jr<>Napa, CA
Cody Clements<>3<>13<>QB<>196<>Fr<>Whittier, CA
Cyrus Coen<>3<>42<>LB<>215<>So<>Pearl City, HI
Adam Coerper<>3<>50<>DL<>256<>Sr<>Hood River, OR
Wes Concepcion<>3<>10<>K<>174<>So<>Kent, WA
Xavier Cooper<>3<>96<>DL<>298<>Fr<>Tacoma, WA
Joe Dahl<>3<>72<>OL<>272<>Fr<>Spokane, WA
Feddie Davey<>3<>28<>S<>190<>Fr<>Miami, FL
David Davis<>3<>99<>NT<>270<>Fr<>Rancho Palos Verdes, CA
Anthony DeMatteo<>3<>53<>LB<>214<>So<>Sammamish, WA
Alex Den Bleyker<>3<>65<>LS<>224<>Fr<>Fremont, CA
Rahmel Dockery<>3<>31<>CB<>169<>Fr<>Tacoma, WA
Denzell Dotson<>3<>67<>OL<>308<>Fr<>Peoria, AZ
Tyrone Duckett<>3<>26<>RB<>202<>So<>Alameda, CA
Aaron Dunn<>3<>88<>TE<>248<>So<>Spokane, WA
Henry Eaddy<>3<>17<>WR<>158<>So<>Orlando, FL
Gunnar Eklund<>3<>63<>OL<>286<>Fr<>Lake Stevens, WA
Keith Ewing<>3<>53<>LB<>225<>Fr<>Bellaire, TX
Michael Fields<>3<>48<>DB<>173<>So<>Seattle, WA
Sam Flor<>3<>64<>OL<>296<>Fr<>Seattle, WA
Rico Forbes<>3<>76<>OL<>287<>Jr<>Houston, TX
Ray Ford<>3<>39<>CB<>174<>Fr<>Gardena, CA
John Fullington<>3<>77<>OL<>300<>Jr<>Belfair, WA
Andrew Furney<>3<>49<>K<>218<>Jr<>Burlington, WA
Rickey Galvin<>3<>5<>RB<>178<>So<>Berkeley, CA
Max Gama<>3<>33<>S<>195<>Fr<>La Mirada, CA
Ioane Gauta<>3<>95<>NT<>305<>Jr<>Anaheim, CA
David Gilbertson<>3<>4<>QB<>204<>Jr<>Woodinville, WA
Beau Glover<>3<>35<>DB<>163<>Fr<>Gig Harbor, WA
Matt Goetz<>3<>66<>OL<>272<>Jr<>Cibolo, TX
Brandon Golden<>3<>12<>CB<>194<>So<>Covina, CA
Hamza Griffin<>3<>92<>DE<>218<>Fr<>Burton, WA
Connor Halliday<>3<>12<>QB<>189<>So<>Spokane, WA
Parker Henry<>3<>57<>DB<>208<>Fr<>Vancouver, WA
Max Hersey<>3<>41<>DL<>226<>Fr<>Tacoma, WA
Steven Hoffart<>3<>94<>DL<>274<>Sr<>Davis, CA
Damante Horton<>3<>6<>CB<>175<>Jr<>Oakland, CA
Sherman Hutcherson<>3<>61<>DL<>232<>Fr<>Snoqualmie, WA
Alex Jackson<>3<>29<>CB<>171<>Fr<>Culver City, CA
Wade Jacobson<>3<>55<>OL<>300<>Sr<>Hollister, CA
Chandler Jenkins<>3<>22<>RB<>174<>Fr<>Renton, WA
Conner Johnson<>3<>6<>QB<>222<>Fr<>Spokane, WA
David Johnson<>3<>47<>LB<><>Fr<>Lakewood, WA
Sam Jones<>3<>999<>OL<>295<>Fr<>Bear, DE
Konner Kafentzis<>3<>33<>DB<>175<>Fr<>Rancho Santa Margarita, CA
Zach Koepp<>3<>48<>LS<>211<>Sr<>Milford, IA
Manuel Lamson<>3<>36<>RB<>191<>Fr<>Gridley, CA
Kyle Lappano<>3<>33<>RB<>185<>Fr<>Sammamish, WA
Corey Laufasa<>3<>38<>LB<>246<>Sr<>Seattle, WA
Jeremiah Laufasa<>3<>30<>RB<>216<>So<>Kirkland, WA
Anthony Laurenzi<>3<>61<>DT<>287<>Sr<>Placentia, CA
Robert Lewis<>3<>999<>WR<>160<>Fr<>South Gate, CA
Andrei Lintz<>3<>87<>WR<>250<>Sr<>Bellingham, WA
Casey Locker<>3<>22<>S<>192<>Jr<>Ferndale, WA
Drew Loftus<>3<>32<>WR<>187<>Fr<>Kennewick, WA
Travis Long<>3<>89<>LB<>245<>Sr<>Spokane, WA
Darren Markle<>3<>54<>LB<>224<>Jr<>Meridian, ID
Gabe Marks<>3<>84<>WR<>167<>Fr<>Los Angeles, CA
Marcus Mason<>3<>35<>RB<>190<>So<>Etiwanda, CA
Logan Mayes<>3<>83<>LB<>241<>Fr<>Eugene, OR
Mike McAdie<>3<>34<>DB<>189<>So<>Kennewick, WA
Kyle McCartney<>3<>39<>S<>191<>Sr<>Edmonds, WA
Brett McDonald<>3<>83<>WR<>184<>Fr<>Silverdale, WA
Daniel McDonald<>3<>22<>WR<>183<>So<>Shoreline, WA
Taylor Meighen<>3<>50<>OL<>286<>Sr<>Beaumont, TX
Eduardo Middleton<>3<>73<>OL<>294<>Fr<>Oceanside, CA
Alex Mitchell<>3<>999<>OL<>309<>Fr<>Portland, OR
Darryl Monroe<>3<>13<>LB<>228<>Fr<>Orlando, FL
Isiah Myers<>3<>88<>WR<>176<>So<>Orlando, FL
Michael Newman<>3<>85<>WR<>193<>Fr<>Cle Elum, WA
Joe Njoku<>3<>17<>DB<>190<>Fr<>Tacoma, WA
Ryan Nungester<>3<>32<>WR<>192<>Fr<>Spokane, WA
Eric Oertel<>3<>21<>LB<>210<>Jr<>Racine, WI
Kache Palacio<>3<>40<>LB<>212<>Fr<>Gardena, CA
Darryl Paulo<>3<>52<>DL<>267<>Fr<>Sacramento, CA
Mitchell Peterson<>3<>48<>S<>195<>So<>Spokane, WA
Khalil Pettway<>3<>43<>LB<>213<>Fr<>Culver City, CA
Kalafitoni Pole<>3<>98<>NT<>277<>So<>Union City, CA
Tana Pritchard<>3<>44<>LB<>221<>Fr<>Lakewood, WA
Dylan Rabinowitz<>3<>95<>DE<>235<>Fr<>White Salmon, WA
Bobby Ratliff<>3<>82<>WR<>194<>So<>Etiwanda, CA
Eddie Releford<>3<>78<>DE<>239<>Fr<>Lakewood, WA
Jake Rodgers<>3<>69<>OL<>300<>So<>Spokane, WA
Justin Sagote<>3<>51<>LB<>220<>Jr<>Santa Clara, CA
Niu Sale<>3<>56<>OL<>334<>Jr<>Los Alamitos, CA
BJ Salmonson<>3<>999<>OL<>285<>Fr<>Everson, WA
Chas Sampson<>3<>74<>OL<>301<>Sr<>Fayetteville, NC
Ryan Saparto<>3<>47<>LS<>224<>So<>Everett, WA
Curtis Selz<>3<>51<>LB<>252<>So<>Riverside, OR
Sam Shirley<>3<>56<>OL<>297<>Fr<>Kirkland, WA
Daniel Simmons<>3<>24<>CB<>184<>Sr<>Ontario, CA
Mansel Simmons<>3<>81<>WR<>214<>Fr<>Elk Grove, CA
Matthew Simmons<>3<>36<>S<>195<>So<>Rancho Palos Verdes, CA
Jordan Simone<>3<>19<>S<>178<>So<>Sammamish, WA
Gino Simone<>3<>1<>WR<>184<>Sr<>Sammamish, WA
Travion Smith<>3<>35<>CB<>170<>Sr<>Long Beach, CA
Dan Spitz<>3<>71<>OL<>301<>Sr<>Spokane, WA
Kruger Story<>3<>29<>RB<>182<>Fr<>Brentwood, CA
Chester Su'a<>3<>45<>LB<>224<>So<>Pearl City, HI
Taylor Taliulu<>3<>30<>S<>184<>Fr<>Aiea, HI
Tyree Toomer<>3<>15<>S<>200<>Sr<>Bellflower, CA
Jeff Tuel<>3<>10<>QB<>221<>Sr<>Fresno, CA
Lawrence Tuioti<>3<>30<>RB<>220<>Fr<>Pago Pago,
Jacob Tuivaiave<>3<>999<>LB<>250<>Fr<>Tacoma, WA
Mark Urtz<>3<>39<>WR<>195<>Fr<>Upland, CA
Destiny Vaeao<>3<>97<>DL<>270<>Fr<>Pago Pago,
Pierson Villarrubia<>3<>79<>OL<>270<>Fr<>Mandeville, LA
Jeff Waldner<>3<>74<>DL<>266<>So<>Olympia, WA
Spencer Waseem<>3<>46<>CB<>167<>So<>Apopka, FL
Nolan Washington<>3<>2<>CB<>182<>Jr<>Seattle, WA
Theron West<>3<>29<>RB<>171<>Jr<>Compton, CA
Dominique Williams<>3<>80<>WR<>187<>Fr<>Pomona, CA
Kristoff Williams<>3<>18<>WR<>209<>So<>Antioch, CA
Lenard Williams<>3<>93<>DL<>253<>Sr<>Chesterfield, SC
Marquess Wilson<>3<>86<>WR<>185<>Jr<>Tulare, CA
Carl Winston<>3<>3<>RB<>192<>Sr<>Harbor City, CA
