1<>down<>general<>A play, starting when the ball is put into play and ending when the ball is ruled dead<>
2<>drive<>general<>The series of plays when the offense has the football, until it punts or scores and the other team gets possession of the ball.<>
3<>field goal<>event<>A kick, worth three points<>f4nkickgoal.png
4<>fumble<>event<>The act of losing possession of the ball while running with it or being tackled.<>
5<>turnover<>event<>A loss of possession of the ball via a fumble or interception.<>
6<>incomplete pass<>general<>A pass that touches the ground before being caught or that is caught while the player is out of bounds<>
7<>interception<>event<>A pass that's caught by a defensive player, ending the offense's possession of the ball.<>
8<>kickoff<>event<>A free kick that puts the ball into play.<>
9<>punt<>general<>A kick made when a punter drops the ball and kicks it while it falls toward his foot.<>
10<>return<>general<>The act of bringing the ball back in the opposite direction after a change of possession.<>
11<>rush<>event<>To advance the ball by running, not passing<>
12<>sack<>event<>Any tackle of the quarterback behind the line of scrimmage.<>
13<>touchdown<>event<>A scoring play, worth 6 points<>
14<>extra point<>event<>A kick, worth one point, that's typically attempted after every touchdown<>
15<>false start<>event<>An infraction in which an offensive player moves before the ball is snapped.<>
16<>timeout<>general<>A break in action requested by either team or one of the officials.<>
17<>Usua Amanam<>player<><>
18<>Henry Anderson<>player<><>
19<>Kevin Anderson<>player<><>
20<>Brendon Austin<>player<><>
21<>Harold Bernard<>player<><>
22<>Dillon Bonnell<>player<><>
23<>Terrence Brown<>player<><>
24<>Barry Browning<>player<><>
25<>Devon Cajuste<>player<><>
26<>Lance Callihan<>player<><>
27<>Devon Carrington<>player<><>
28<>Alex Carter<>player<><>
29<>Johnny Caspers<>player<><>
30<>Conner Crane<>player<><>
31<>Evan Crower<>player<><>
32<>Jackson Cummings<>player<><>
33<>Kevin Danser<>player<><>
34<>Nick Davidson<>player<><>
35<>Noor Davis<>player<><>
36<>Alex Debniak<>player<><>
37<>Davis Dudchock<>player<><>
38<>Zach Ertz<>player<><>
39<>Brent Etiz<>player<><>
40<>John Flacco<>player<><>
41<>Cameron Fleming<>player<><>
42<>Alex Frkovic<>player<><>
43<>George Fullerton<>player<><>
44<>Chris Gaertner<>player<><>
45<>Ben Gardner<>player<><>
46<>Joshua Garnett<>player<><>
47<>Brandon Gottfried<>player<><>
48<>Jacob Gowan<>player<><>
49<>Chris Harrell<>player<><>
50<>Ronnie Harris<>player<><>
51<>Anthony Hayes<>player<><>
52<>Joe Hemschoot<>player<><>
53<>Ryan Hewitt<>player<><>
54<>Zach Hoffpauir<>player<><>
55<>Kevin Hogan<>player<><>
56<>Charlie Hopkins<>player<><>
57<>Craig Jones<>player<><>
58<>Dontonio Jordan<>player<><>
59<>Matt Kasner<>player<><>
60<>Luke Kaumatule<>player<><>
61<>Sam Knapp<>player<><>
62<>Gautam Krishnamurthi<>player<><>
63<>Cason Kynes<>player<><>
64<>Jarek Lancaster<>player<><>
65<>Dallas Lloyd<>player<><>
66<>Nate Lohn<>player<><>
67<>Blake Lueders<>player<><>
68<>Wayne Lyons<>player<><>
69<>Drew Madhu<>player<><>
70<>Blake Martinez<>player<><>
71<>Josh Mauro<>player<><>
72<>Conor McFadden<>player<><>
73<>Geoff Meinken<>player<><>
74<>Sam Mercer<>player<><>
75<>Reed Miller<>player<><>
76<>Ty Montgomery<>player<><>
77<>Brian Moran<>player<><>
78<>Myles Muagututia<>player<><>
79<>Kyle Murphy<>player<><>
80<>Trent Murphy<>player<><>
81<>Keanu Nelson<>player<><>
82<>Brett Nottingham<>player<><>
83<>Josh Nunes<>player<><>
84<>Ikenna Nwafor<>player<><>
85<>David Olson<>player<><>
86<>Kyle Olugbode<>player<><>
87<>David Parry<>player<><>
88<>Jamal-Rashad Patterson<>player<><>
89<>Josiah Paye<>player<><>
90<>Andrus Peat<>player<><>
91<>Robbie Picazo<>player<><>
92<>Ra'Chard Pippens<>player<><>
93<>Eddie Plantaric<>player<><>
94<>Jordan Pratt<>player<><>
95<>Michael Rector<>player<><>
96<>Kevin Reihner<>player<><>
97<>Ed Reynolds<>player<><>
98<>Ben Rhyne<>player<><>
99<>Jordan Richards<>player<><>
100<>Jemari Roberts<>player<><>
101<>Torsten Rotto<>player<><>
102<>J.B. Salem<>player<><>
103<>Barry Sanders<>player<><>
104<>Sam Schwartzstein<>player<><>
105<>Ricky Seale<>player<><>
106<>Brent Seals<>player<><>
107<>Aziz Shittu<>player<><>
108<>Sam Shober<>player<><>
109<>Graham Shuler<>player<><>
110<>Patrick Skov<>player<><>
111<>Shayne Skov<>player<><>
112<>Rollins Stallworth<>player<><>
113<>Terrence Stephens<>player<><>
114<>Andrew Stutz<>player<><>
115<>Spencer Summers<>player<><>
116<>A.J. Tarpley<>player<><>
117<>Stepfan Taylor<>player<><>
118<>Drew Terrell<>player<><>
119<>Chase Thomas<>player<><>
120<>Levine Toilolo<>player<><>
121<>Jeff Trojan<>player<><>
122<>Austin Tubbs<>player<><>
123<>Conrad Ukropina<>player<><>
124<>Cole Underwood<>player<><>
125<>James Vaughters<>player<><>
126<>Lee Ward<>player<><>
127<>Jordan Watkins<>player<><>
128<>Kodi Whitfield<>player<><>
129<>Anthony Wilkerson<>player<><>
130<>Khalil Wilkes<>player<><>
131<>Jordan Williamson<>player<><>
132<>Remound Wright<>player<><>
133<>David Yankey<>player<><>
134<>Alex Yazdi<>player<><>
135<>Kelsey Young<>player<><>
136<>Sam Yules<>player<><>
137<>Daniel Zychlinski<>player<><>
138<>Chris Adcock<>player<><>
139<>Ted Agu<>player<><>
140<>Keenan Allen<>player<><>
141<>C.J. Anderson<>player<><>
142<>Ross Anderson<>player<><>
143<>Stephen Anderson<>player<><>
144<>Marc Anthony<>player<><>
145<>Todd Barr<>player<><>
146<>Mitchel Bartolo<>player<><>
147<>Michael Barton<>player<><>
148<>Noah Beito<>player<><>
149<>Brendan Bigelow<>player<><>
150<>Kyle Boehm<>player<><>
151<>Ross Bostock<>player<><>
152<>Jackson Bouza<>player<><>
153<>Mark Brazinski<>player<><>
154<>Spencer Briare<>player<><>
155<>Allan Bridgford<>player<><>
156<>Nathan Broussard<>player<><>
157<>Brett Buchanan<>player<><>
158<>Benjamin Calder<>player<><>
159<>Dan Camporeale<>player<><>
160<>Austin Clark<>player<><>
161<>Matt Cochran<>player<><>
162<>Deandre Coleman<>player<><>
163<>Idarre Coles<>player<><>
164<>Jeffrey Coprich<>player<><>
165<>Alejandro Crosthwaite<>player<><>
166<>Vincenzo D'Amato<>player<><>
167<>Antione Davis<>player<><>
168<>Jake Davis<>player<><>
169<>Cedric Dozier<>player<><>
170<>Damariay Drew<>player<><>
171<>Tyré Ellison<>player<><>
172<>Darren Ervin<>player<><>
173<>Maximo Espitia<>player<><>
174<>Dan Fadelli<>player<><>
175<>Brian Farley<>player<><>
176<>Nick Forbes<>player<><>
177<>Khairi Fortt<>player<><>
178<>Donovan Frazer<>player<><>
179<>Dominic Galas<>player<><>
180<>Geoffrey Gibson<>player<><>
181<>Jason Gibson<>player<><>
182<>Lucus Gingold<>player<><>
183<>James Grisom<>player<><>
184<>Spencer Hagan<>player<><>
185<>Chris Harper<>player<><>
186<>Maurice Harris<>player<><>
187<>Josh Hill<>player<><>
188<>Austin Hinder<>player<><>
189<>Jonah Hodges<>player<><>
190<>J.P. Hurrell<>player<><>
191<>Kameron Jackson<>player<><>
192<>Mustafa Jalil<>player<><>
193<>Jalen Jefferson<>player<><>
194<>Keni Kaufusi<>player<><>
195<>Brendan Keeney<>player<><>
196<>Gabe King<>player<><>
197<>Lucas King<>player<><>
198<>Zach Kline<>player<><>
199<>Kameron Krebs<>player<><>
200<>Kaulin Krebs<>player<><>
201<>Cary Kriegsman<>player<><>
202<>James Langford<>player<><>
203<>Isaac Lapite<>player<><>
204<>Daniel Lasco<>player<><>
205<>Kenny Lawler<>player<><>
206<>Adrian Lee<>player<><>
207<>Cole Leininger<>player<><>
208<>Alex Logan<>player<><>
209<>Puka Lopa<>player<><>
210<>Michael Lowe<>player<><>
211<>Brandon Madueño<>player<><>
212<>Joey Mahalic<>player<><>
213<>Mike Manuel<>player<><>
214<>Matt Mayes<>player<><>
215<>Zach Maynard<>player<><>
216<>Chris McCain<>player<><>
217<>Stefan McClure<>player<><>
218<>Bryce McGovern<>player<><>
219<>Viliami Moala<>player<><>
220<>Tanner Mohr<>player<><>
221<>Steven Moore<>player<><>
222<>Duke Moran<>player<><>
223<>Jordan Morgan<>player<><>
224<>Steffan Mos<>player<><>
225<>Robert Mullins<>player<><>
226<>Hardy Nickerson<>player<><>
227<>Bradley Northnagel<>player<><>
228<>Christian Okafor<>player<><>
229<>Ikem Okwudiafor<>player<><>
230<>Kendrick Payne<>player<><>
231<>Nathan Phillip<>player<><>
232<>Griffin Piatt<>player<><>
233<>Darius Powe<>player<><>
234<>Jordan Rigsbee<>player<><>
235<>Tyler Rigsbee<>player<><>
236<>Richard Rodgers<>player<><>
237<>Vachel Samuels<>player<><>
238<>Brennan Scarlett<>player<><>
239<>Brian Schwenke<>player<><>
240<>Avery Sebastian<>player<><>
241<>John Sheperdson<>player<><>
242<>Chad Smith<>player<><>
243<>Isi Sofele<>player<><>
244<>Eric Stevens<>player<><>
245<>Matt Summers-Gavin<>player<><>
246<>Freddie Tagaloa<>player<><>
247<>Aaron Tipoti<>player<><>
248<>Bryce Treggs<>player<><>
249<>Bill Tyndall<>player<><>
250<>Jacob Wark<>player<><>
251<>Cecil Whiteside<>player<><>
252<>Harrison Wilfley<>player<><>
253<>David Wilkerson<>player<><>
254<>Matt Williams<>player<><>
255<>Steve Williams<>player<><>
256<>Joel Willis<>player<><>
257<>Patrick Worstell<>player<><>
258<>Dasarte Yarnway<>player<><>
259<>C<>position<><>
260<>CB<>position<><>
261<>DB<>position<><>
262<>DE<>position<><>
263<>DT<>position<><>
264<>FS<>position<><>
265<>FB<>position<><>
266<>G<>position<><>
267<>K<>position<><>
268<>KR<>position<><>
269<>ILB<>position<><>
270<>LB<>position<><>
271<>MLB<>position<><>
272<>NT<>position<><>
273<>P<>position<><>
274<>PR<>position<><>
275<>QB<>position<><>
276<>RB<>position<><>
277<>S<>position<><>
278<>SS<>position<><>
279<>T<>position<><>
280<>TE<>position<><>
281<>WR<>position<><>
282<>OL<>position<><>
283<>DL<>position<><>
284<>faircatch<>event<>When the player returning a punt signals by waving his extended arm from side to side over his head, making it illegal for the opposition to tackle him.<>
285<>pently<>general<>Punishment for an infraction of the rules.<>
286<>Matt Adamson<>player<><>
287<>Kyle Adkins<>player<><>
288<>Najee Ali<>player<><>
289<>Jeremiah Allison<>player<><>
290<>John Taylor Altomare<>player<><>
291<>Brent Anderson<>player<><>
292<>Gordy Anderson<>player<><>
293<>Austin Apodaca<>player<><>
294<>Tyler Baker<>player<><>
295<>Robert Barber<>player<><>
296<>Charles Barden<>player<><>
297<>Brett Bartolone<>player<><>
298<>Matthew Bock<>player<><>
299<>Blair Bomber<>player<><>
300<>Bennett Bontemps<>player<><>
301<>Elliott Bosch<>player<><>
302<>Michael Bowlin<>player<><>
303<>Phillip Brandt<>player<><>
304<>Zach Brevick<>player<><>
305<>Leon Brooks<>player<><>
306<>Austin Brown<>player<><>
307<>Jesse Brown<>player<><>
308<>David Bucannon<>player<><>
309<>Deone Bucannon<>player<><>
310<>Jared Byers<>player<><>
311<>Teondray Caldwell<>player<><>
312<>Anthony Carpenter<>player<><>
313<>Moritz Christ<>player<><>
314<>Tracy Clark<>player<><>
315<>Justin Clayton<>player<><>
316<>Cody Clements<>player<><>
317<>Cyrus Coen<>player<><>
318<>Adam Coerper<>player<><>
319<>Wes Concepcion<>player<><>
320<>Xavier Cooper<>player<><>
321<>Joe Dahl<>player<><>
322<>Feddie Davey<>player<><>
323<>David Davis<>player<><>
324<>Anthony DeMatteo<>player<><>
325<>Alex Den Bleyker<>player<><>
326<>Rahmel Dockery<>player<><>
327<>Denzell Dotson<>player<><>
328<>Tyrone Duckett<>player<><>
329<>Aaron Dunn<>player<><>
330<>Henry Eaddy<>player<><>
331<>Gunnar Eklund<>player<><>
332<>Keith Ewing<>player<><>
333<>Michael Fields<>player<><>
334<>Sam Flor<>player<><>
335<>Rico Forbes<>player<><>
336<>Ray Ford<>player<><>
337<>John Fullington<>player<><>
338<>Andrew Furney<>player<><>
339<>Rickey Galvin<>player<><>
340<>Max Gama<>player<><>
341<>Ioane Gauta<>player<><>
342<>David Gilbertson<>player<><>
343<>Beau Glover<>player<><>
344<>Matt Goetz<>player<><>
345<>Brandon Golden<>player<><>
346<>Hamza Griffin<>player<><>
347<>Connor Halliday<>player<><>
348<>Parker Henry<>player<><>
349<>Max Hersey<>player<><>
350<>Steven Hoffart<>player<><>
351<>Damante Horton<>player<><>
352<>Sherman Hutcherson<>player<><>
353<>Alex Jackson<>player<><>
354<>Wade Jacobson<>player<><>
355<>Chandler Jenkins<>player<><>
356<>Conner Johnson<>player<><>
357<>David Johnson<>player<><>
358<>Sam Jones<>player<><>
359<>Konner Kafentzis<>player<><>
360<>Zach Koepp<>player<><>
361<>Manuel Lamson<>player<><>
362<>Kyle Lappano<>player<><>
363<>Corey Laufasa<>player<><>
364<>Jeremiah Laufasa<>player<><>
365<>Anthony Laurenzi<>player<><>
366<>Robert Lewis<>player<><>
367<>Andrei Lintz<>player<><>
368<>Casey Locker<>player<><>
369<>Drew Loftus<>player<><>
370<>Travis Long<>player<><>
371<>Darren Markle<>player<><>
372<>Gabe Marks<>player<><>
373<>Marcus Mason<>player<><>
374<>Logan Mayes<>player<><>
375<>Mike McAdie<>player<><>
376<>Kyle McCartney<>player<><>
377<>Brett McDonald<>player<><>
378<>Daniel McDonald<>player<><>
379<>Taylor Meighen<>player<><>
380<>Eduardo Middleton<>player<><>
381<>Alex Mitchell<>player<><>
382<>Darryl Monroe<>player<><>
383<>Isiah Myers<>player<><>
384<>Michael Newman<>player<><>
385<>Joe Njoku<>player<><>
386<>Ryan Nungester<>player<><>
387<>Eric Oertel<>player<><>
388<>Kache Palacio<>player<><>
389<>Darryl Paulo<>player<><>
390<>Mitchell Peterson<>player<><>
391<>Khalil Pettway<>player<><>
392<>Kalafitoni Pole<>player<><>
393<>Tana Pritchard<>player<><>
394<>Dylan Rabinowitz<>player<><>
395<>Bobby Ratliff<>player<><>
396<>Eddie Releford<>player<><>
397<>Jake Rodgers<>player<><>
398<>Justin Sagote<>player<><>
399<>Niu Sale<>player<><>
400<>B.J. Salmonson<>player<><>
401<>Chas Sampson<>player<><>
402<>Ryan Saparto<>player<><>
403<>Curtis Selz<>player<><>
404<>Sam Shirley<>player<><>
405<>Daniel Simmons<>player<><>
406<>Mansel Simmons<>player<><>
407<>Matthew Simmons<>player<><>
408<>Jordan Simone<>player<><>
409<>Gino Simone<>player<><>
410<>Travion Smith<>player<><>
411<>Dan Spitz<>player<><>
412<>Kruger Story<>player<><>
413<>Chester Su'a<>player<><>
414<>Taylor Taliulu<>player<><>
415<>Tyree Toomer<>player<><>
416<>Jeff Tuel<>player<><>
417<>Lawrence Tuioti<>player<><>
418<>Jacob Tuivaiave<>player<><>
419<>Mark Urtz<>player<><>
420<>Destiny Vaeao<>player<><>
421<>Pierson Villarrubia<>player<><>
422<>Jeff Waldner<>player<><>
423<>Spencer Waseem<>player<><>
424<>Nolan Washington<>player<><>
425<>Theron West<>player<><>
426<>Dominique Williams<>player<><>
427<>Kristoff Williams<>player<><>
428<>Lenard Williams<>player<><>
429<>Marquess Wilson<>player<><>
430<>Carl Winston<>player<><>
431<>Nelson Agholor<>player<><>
432<>John Akiba<>player<><>
433<>Kris Albarado<>player<><>
434<>Javorius Allen<>player<><>
435<>Joshua Alswang<>player<><>
436<>Will Andrew<>player<><>
437<>Michael Arakelian<>player<><>
438<>John Auran<>player<><>
439<>Yonatan Aviv<>player<><>
440<>Dion Bailey<>player<><>
441<>Zach Banner<>player<><>
442<>Matt Barkley<>player<><>
443<>Brian Baucham<>player<><>
444<>Ryan Bernstein<>player<><>
445<>Victor Blackwell<>player<><>
446<>Gerald Bowman<>player<><>
447<>Morgan Breslin<>player<><>
448<>Anthony Brown<>player<><>
449<>Charles Burks<>player<><>
450<>Tony Burnett<>player<><>
451<>Troy Cardona<>player<><>
452<>Julian Coleman<>player<><>
453<>Jalen Cope-Fitzpatrick<>player<><>
454<>Cole Cottrell<>player<><>
455<>Spencer Darlin<>player<><>
456<>Lamar Dawson<>player<><>
457<>Giovanni Di Poalo<>player<><>
458<>Ryan Dillard<>player<><>
459<>Rob Dooley<>player<><>
460<>Kevin Downey<>player<><>
461<>George Farmer<>player<><>
462<>De'Von Flournoy<>player<><>
463<>Devin Forte<>player<><>
464<>Luke Freeman<>player<><>
465<>Jeremy Galten<>player<><>
466<>David Garness<>player<><>
467<>Kamaron Germany<>player<><>
468<>Cody Gifford<>player<><>
469<>Kevin Graf<>player<><>
470<>Kevin Greene<>player<><>
471<>Xavier Grimble<>player<><>
472<>Nathan Guertler<>player<><>
473<>Torin Harris<>player<><>
474<>Andre Heidari<>player<><>
475<>Ryan Henderson<>player<><>
476<>Christian Heyward<>player<><>
477<>Cyrus Hobbi<>player<><>
478<>Khaled Holmes<>player<><>
479<>Wes Horton<>player<><>
480<>Alec Jaffe<>player<><>
481<>Erick Jepsen<>player<><>
482<>John Katnik<>player<><>
483<>George Katrib<>player<><>
484<>Dallas Kelley<>player<><>
485<>Devon Kennard<>player<><>
486<>J.T. Kerr<>player<><>
487<>Cody Kessler<>player<><>
488<>Zack Kusnir<>player<><>
489<>Chandler Larsen<>player<><>
490<>Marqise Lee<>player<><>
491<>Bryson Lloyd<>player<><>
492<>Tre Madden<>player<><>
493<>John Manoogian<>player<><>
494<>Abe Markowitz<>player<><>
495<>Marcus Martin<>player<><>
496<>John Martinez<>player<><>
497<>Eric Matranga<>player<><>
498<>Drew McAllister<>player<><>
499<>Peter McBride<>player<><>
500<>T.J. McDonald<>player<><>
501<>Craig McMahon<>player<><>
502<>Curtis McNeal<>player<><>
503<>Jeff Miller<>player<><>
504<>Robert Mojica<>player<><>
505<>D.J. Morgan<>player<><>
506<>Kyle Negrete<>player<><>
507<>Luis Nevarez<>player<><>
508<>Anthony Neyer<>player<><>
509<>Jahleel Pinner<>player<><>
510<>Junior Pomee<>player<><>
511<>Hayes Pullard<>player<><>
512<>Silas Redd<>player<><>
513<>Nickell Robey<>player<><>
514<>Darreus Rogers<>player<><>
515<>Taylor Ross<>player<><>
516<>Jabari Ruffin<>player<><>
517<>Emon Saee<>player<><>
518<>Anthony Sarao<>player<><>
519<>Nick Schlossberg<>player<><>
520<>Doug Scott<>player<><>
521<>Jesse Scroggins<>player<><>
522<>Kevon Seymour<>player<><>
523<>Josh Shaw<>player<><>
524<>Devian Shelton<>player<><>
525<>Hunter Simmons<>player<><>
526<>Jordan Simmons<>player<><>
527<>Marquis Simmons<>player<><>
528<>Cody Skene<>player<><>
529<>Jawanza Starling<>player<><>
530<>Scott Starr<>player<><>
531<>Elijah Steen<>player<><>
532<>Conner Sullivan<>player<><>
533<>Christian Sutton<>player<><>
534<>J.R. Tavai<>player<><>
535<>Randall Telfer<>player<><>
536<>Cody Temple<>player<><>
537<>Christian Thomas<>player<><>
538<>Christian Tober<>player<><>
539<>William Tober<>player<><>
540<>Greg Townsend<>player<><>
541<>Max Tuerk<>player<><>
542<>George Uko<>player<><>
543<>Soma Vainuku<>player<><>
544<>Simione Vehikite<>player<><>
545<>Aundrey Walker<>player<><>
546<>Chad Wheeler<>player<><>
547<>Isiah Wiley<>player<><>
548<>Leonard Williams<>player<><>
549<>DeVante Wilson<>player<><>
550<>Max Wittek<>player<><>
551<>Alex Wood<>player<><>
552<>Antwaun Woods<>player<><>
553<>Robert Woods<>player<><>
554<>Demetrius Wright<>player<><>
555<>Kyle Yatabe<>player<><>
556<>Ademola Adeniran<>player<><>
557<>R.J. Aguero<>player<><>
558<>Jamar Allah<>player<><>
559<>Javelle Allen<>player<><>
560<>Jacob Arzouman<>player<><>
561<>Stephen Ascher<>player<><>
562<>Dominique Austin<>player<><>
563<>Addison Bachman<>player<><>
564<>Jared Baker<>player<><>
565<>Jack Baucus<>player<><>
566<>Mickey Baucus<>player<><>
567<>Eric Bender-Ramsay<>player<><>
568<>Jarrell Bennett<>player<><>
569<>Trace Biskin<>player<><>
570<>John Bonano<>player<><>
571<>Tra'Mayne Bondurant<>player<><>
572<>Beau Boyster<>player<><>
573<>Blake Brady<>player<><>
574<>Dan Buckner<>player<><>
575<>Cayman Bundage<>player<><>
576<>Keoni Bush-Loo<>player<><>
577<>Kylan Butler<>player<><>
578<>Wayne Capers<>player<><>
579<>Alex Cappellini<>player<><>
580<>Ka'Deem Carey<>player<><>
581<>Brian Chacon<>player<><>
582<>Clint Cochrane<>player<><>
583<>Kyle Combs<>player<><>
584<>Dakota Conwell<>player<><>
585<>Michael Cooper<>player<><>
586<>Dylan Cozens<>player<><>
587<>Tyler D'Amore<>player<><>
588<>Lamar De Rego<>player<><>
589<>B.J. Denker<>player<><>
590<>C.J. Dozier<>player<><>
591<>Kyle Dugandzic<>player<><>
592<>Fabbians Ebbele<>player<><>
593<>Josh Elias<>player<><>
594<>Trevor Ermisch<>player<><>
595<>Tyler Ermisch<>player<><>
596<>Faitele Faafoi<>player<><>
597<>Jake Fischer<>player<><>
598<>Marquis Flowers<>player<><>
599<>Clive Georges<>player<><>
600<>Reggie Gilbert<>player<><>
601<>Devin Gordon<>player<><>
602<>Chase Gorham<>player<><>
603<>Jourdon Grandon<>player<><>
604<>Trey Griffey<>player<><>
605<>T.D. Gross<>player<><>
606<>Adam Hall<>player<><>
607<>Rob Hankins<>player<><>
608<>Bryan Harper<>player<><>
609<>Zach Hemmila<>player<><>
610<>Austin Hill<>player<><>
611<>Hank Hobson<>player<><>
612<>Keahi Hogan<>player<><>
613<>Tevin Hood<>player<><>
614<>Cody Ippolito<>player<><>
615<>Nick Isham<>player<><>
616<>Johnny Jackson<>player<><>
617<>Sir Thomas Jackson<>player<><>
618<>Daniel Jenkins<>player<><>
619<>Tim Johnston<>player<><>
620<>Terris Jones<>player<><>
621<>Kyle Kelley<>player<><>
622<>Josh Kern<>player<><>
623<>Carter Lees<>player<><>
624<>Anthony Lopez<>player<><>
625<>David Lopez<>player<><>
626<>Lene Maiava<>player<><>
627<>Luis Martinez<>player<><>
628<>Jonathan McKnight<>player<><>
629<>Dwight Melvin<>player<><>
630<>Chris Merrill<>player<><>
631<>Vince Miles<>player<><>
632<>Terrence Miller<>player<><>
633<>Willie Mobley<>player<><>
634<>Richard Morrison<>player<><>
635<>Brendan Murphy<>player<><>
636<>Dame Ndiaye<>player<><>
637<>Greg Nwoko<>player<><>
638<>Jack Nykaza<>player<><>
639<>Patrick Onwuasor<>player<><>
640<>Jesse Ortiz<>player<><>
641<>Kyrel Parker<>player<><>
642<>William Parks<>player<><>
643<>Lucas Petrullo<>player<><>
644<>Dan Pettinato<>player<><>
645<>Brandon Porter<>player<><>
646<>Chris Putton<>player<><>
647<>Kyle Quinn<>player<><>
648<>Derrick Rainey<>player<><>
649<>David Richards<>player<><>
650<>Shaquille Richardson<>player<><>
651<>Drew Riggleman<>player<><>
652<>Drew Robinson<>player<><>
653<>Jaime Salazar<>player<><>
654<>Justin Samuels<>player<><>
655<>Yamen Sanders<>player<><>
656<>Matt Scott<>player<><>
657<>Casey Skowron<>player<><>
658<>Tyler Slavin<>player<><>
659<>Jake Smith<>player<><>
660<>Connor Sohns<>player<><>
661<>Trent Spurgeon<>player<><>
662<>Ben Sullivan<>player<><>
663<>Kirifi Taula<>player<><>
664<>Elliott Taylor<>player<><>
665<>Jared Tevis<>player<><>
666<>Leo Thomas<>player<><>
667<>Sione Tuihalamaka<>player<><>
668<>Taimi Tutogi<>player<><>
669<>Christian Upshaw<>player<><>
670<>Brian Wagner<>player<><>
671<>Jowyn Ward<>player<><>
672<>J.T. Washington<>player<><>
673<>Justin Washington<>player<><>
674<>Mark Watley<>player<><>
675<>Garic Wharton<>player<><>
676<>Aaron White<>player<><>
677<>Sean Willet<>player<><>
678<>Shadow Williams<>player<><>
679<>Carter Wood<>player<><>
680<>Shane Zink<>player<><>
681<>Donta Abron<>player<><>
682<>Cordary Allen<>player<><>
683<>Isaac Archuleta<>player<><>
684<>Vincent Arvia<>player<><>
685<>David Bagby<>player<><>
686<>David Bakhtiari<>player<><>
687<>Jered Bell<>player<><>
688<>Nate Bonsu<>player<><>
689<>Brandan Brisco<>player<><>
690<>Brent Burnette<>player<><>
691<>Ed Caldwell<>player<><>
692<>Keenan Canty<>player<><>
693<>Trevor Carver<>player<><>
694<>Justin Castor<>player<><>
695<>Jermane Clark<>player<><>
696<>Brad Cotner<>player<><>
697<>Kaiwi Crabb<>player<><>
698<>Kenneth Crawley<>player<><>
699<>Malcolm Creer<>player<><>
700<>Terrence Crowder<>player<><>
701<>Brady Daigh<>player<><>
702<>Ryan Dannewitz<>player<><>
703<>Jarrod Darden<>player<><>
704<>Shane Dillon<>player<><>
705<>Stevie Joe Dorman<>player<><>
706<>Thor Eaton<>player<><>
707<>Dustin Ebner<>player<><>
708<>Vince Ewing<>player<><>
709<>Scott Fernandez<>player<><>
710<>Josh Ford<>player<><>
711<>D.D. Goodson<>player<><>
712<>Justin Gorman<>player<><>
713<>Woodson Greer<>player<><>
714<>Zach Grossnickle<>player<><>
715<>Jeffrey Hall<>player<><>
716<>Gus Handler<>player<><>
717<>Will Harlos<>player<><>
718<>Sherrard Harrington<>player<><>
719<>Jack Harris<>player<><>
720<>Luke Hartung<>player<><>
721<>Greg Henderson<>player<><>
722<>Tyler Henington<>player<><>
723<>Nick Hirschman<>player<><>
724<>Jesse Hiss<>player<><>
725<>Vincent Hobbs<>player<><>
726<>Harrison Hunt<>player<><>
727<>Harrison Hunter<>player<><>
728<>Jeromy Irwin<>player<><>
729<>Sean Irwin<>player<><>
730<>Ryan Iverson<>player<><>
731<>Scotty Jarvis<>player<><>
732<>Clay Jones<>player<><>
733<>Tony Jones<>player<><>
734<>Samson Kafovalu<>player<><>
735<>Nick Kasa<>player<><>
736<>Alex Kelley<>player<><>
737<>Kyle Koch<>player<><>
738<>Keegan LaMar<>player<><>
739<>Alex Lewis<>player<><>
740<>Jon Major<>player<><>
741<>Tyler McCulloch<>player<><>
742<>Marques Mosley<>player<><>
743<>Josh Moten<>player<><>
744<>Daniel Munyer<>player<><>
745<>Jordan Murphy<>player<><>
746<>Marc Mustoe<>player<><>
747<>Stephane Nembot<>player<><>
748<>Andre Nichols<>player<><>
749<>Clay Norgard<>player<><>
750<>Darragh O'Neill<>player<><>
751<>Will Oliver<>player<><>
752<>Parker Orms<>player<><>
753<>Tommy Papilion<>player<><>
754<>Juda Parker<>player<><>
755<>Davien Payne<>player<><>
756<>Will Pericak<>player<><>
757<>Nick Plimpton<>player<><>
758<>Ray Polk<>player<><>
759<>Kirk Poston<>player<><>
760<>Christian Powell<>player<><>
761<>Kory Rasmussen<>player<><>
762<>Austin Ray<>player<><>
763<>Paul Richardson<>player<><>
764<>Eric Richter<>player<><>
765<>Doug Rippy<>player<><>
766<>John Schrock<>player<><>
767<>Kyle Slavin<>player<><>
768<>Josh Smith<>player<><>
769<>Terrel Smith<>player<><>
770<>Justin Solis<>player<><>
771<>Nelson Spruce<>player<><>
772<>Alexander Stewart<>player<><>
773<>John Stuart<>player<><>
774<>Gerald Thomas<>player<><>
775<>Jeffrey Thomas<>player<><>
776<>River Thompson<>player<><>
777<>DaVaughn Thornton<>player<><>
778<>K.T. Tu'umalo<>player<><>
779<>Josh Tupou<>player<><>
780<>Alex Turbow<>player<><>
781<>John Tuso<>player<><>
782<>Chidera Uzo-Diribe<>player<><>
783<>Paul Vigo<>player<><>
784<>John Walker<>player<><>
785<>Kyle Washington<>player<><>
786<>Derrick Webb<>player<><>
787<>Jordan Webb<>player<><>
788<>D.J. Wilhelm<>player<><>
789<>Lowell Williams<>player<><>
790<>Peyton Williams<>player<><>
791<>De'Jon Wilson<>player<><>
792<>Alex Wood<>player<><>
793<>Connor Wood<>player<><>
794<>Yuri Wright<>player<><>
795<>Richard Yates<>player<><>
796<>Josh Huff<>player<><>
797<>Bryan Bennett<>player<><>
798<>Dior Mathis<>player<><>
799<>Jake Rodrigues<>player<><>
800<>Erick Dargan<>player<><>
801<>Issac Dixon<>player<><>
802<>De'Anthony Thomas<>player<><>
803<>Keanon Lowe<>player<><>
804<>Reggie Daniels<>player<><>
805<>Marcus Mariota<>player<><>
806<>Arik Armstead<>player<><>
807<>Byron Marshall<>player<><>
808<>Rahsaan Vaughn<>player<><>
809<>Bralon Addison<>player<><>
810<>Devon Blackmon<>player<><>
811<>Brian Jackson<>player<><>
812<>Troy Hill<>player<><>
813<>Ifo Ekpre-Olomu<>player<><>
814<>Dustin Haines<>player<><>
815<>Colt Lyerla<>player<><>
816<>Daryle Hawkins<>player<><>
817<>Jeff Lockie<>player<><>
818<>James Scales<>player<><>
819<>Dwayne Stanford<>player<><>
820<>Eric Dungy<>player<><>
821<>John Boyett<>player<><>
822<>Chance Allen<>player<><>
823<>Avery Patterson<>player<><>
824<>Derrick Malone<>player<><>
825<>B.J. Kelley<>player<><>
826<>Kenjon Barner<>player<><>
827<>Boseko Lokombo<>player<><>
828<>Ben Butterfield<>player<><>
829<>Terrance Mitchell<>player<><>
830<>Eric Amoako<>player<><>
831<>Stephen Amoako<>player<><>
832<>Dylan Ausherman<>player<><>
833<>Ayele Forde<>player<><>
834<>Bronson Yim<>player<><>
835<>Kenny Bassett<>player<><>
836<>Oshay Dunmore<>player<><>
837<>Evan Baylis<>player<><>
838<>J.R. Maffie<>player<><>
839<>Tyson Coleman<>player<><>
840<>Rahim Cassell<>player<><>
841<>Lane Roseberry<>player<><>
842<>Anthony Wallace<>player<><>
843<>Carlyle Garrick<>player<><>
844<>Jennings Stewart<>player<><>
845<>Michael Manns<>player<><>
846<>Jordan Thompson<>player<><>
847<>Bill Chimphalee<>player<><>
848<>Mike Garrity<>player<><>
849<>Drew Howell<>player<><>
850<>Jimmy Musgrave<>player<><>
851<>Brett Bafaro<>player<><>
852<>Alejandro Maldonado<>player<><>
853<>Blake Stanton<>player<><>
854<>Cody Carriger<>player<><>
855<>Keloni Kamalani<>player<><>
856<>DeForest Buckner<>player<><>
857<>Austin Daich<>player<><>
858<>T.J. Daniel<>player<><>
859<>Michael Clay<>player<><>
860<>Kiko Alonso<>player<><>
861<>Rodney Hardrick<>player<><>
862<>Eric Solis<>player<><>
863<>Jackson Rice<>player<><>
864<>Ryan Hagen<>player<><>
865<>Isaac Ava<>player<><>
866<>Dawson Housley<>player<><>
867<>Hamani Stevens<>player<><>
868<>Hroniss Grasu<>player<><>
869<>Alex Balducci<>player<><>
870<>Trevor Fox<>player<><>
871<>James Euscher<>player<><>
872<>Jeff Palmer<>player<><>
873<>Grant Thompson<>player<><>
874<>Ryan Clanton<>player<><>
875<>Nick Cody<>player<><>
876<>Matt Pierson<>player<><>
877<>Mana Greig<>player<><>
878<>Tyler Johnstone<>player<><>
879<>Isaac Remington<>player<><>
880<>Taylor Hart<>player<><>
881<>Jamal Prater<>player<><>
882<>Matthew McFadden<>player<><>
883<>Everett Benyard<>player<><>
884<>Andre Yruretagoyena<>player<><>
885<>Kyle Long<>player<><>
886<>Jake Fisher<>player<><>
887<>Carson York<>player<><>
888<>Karrington Armstrong<>player<><>
889<>Koa Ka'ai<>player<><>
890<>Aaron Lee<>player<><>
891<>Christian French<>player<><>
892<>Stetzon Bair<>player<><>
893<>Chad Delaney<>player<><>
894<>Pharaoh Brown<>player<><>
895<>Brian Teague<>player<><>
896<>Nick Morrison<>player<><>
897<>Jeff Bedbury<>player<><>
898<>Will Murphy<>player<><>
899<>Ricky Heimuli<>player<><>
900<>Dane Ebanez<>player<><>
901<>Tony Washington<>player<><>
902<>Patrick Acosta<>player<><>
903<>Wade Keliikipi<>player<><>
904<>Rob Beard<>player<><>
905<>Axel McQuaw<>player<><>
906<>Dion Jordan<>player<><>
907<>Hayden Crook<>player<><>
908<>Jared Ebert<>player<><>
909<>David Kafovalu<>player<><>
910<>Sam Kamp<>player<><>
911<>Corey Adams<>player<><>
912<>Alonzo Agwuenu<>player<><>
913<>Sil Ajawara<>player<><>
914<>Dante Alexander<>player<><>
915<>Kevin Anderson<>player<><>
916<>Preston Awedisean<>player<><>
917<>Kevin Ayers<>player<><>
918<>Cutter Baldock<>player<><>
919<>Charles Beatty<>player<><>
920<>Gonzalo Belloso<>player<><>
921<>Mike Bercovici<>player<><>
922<>Ezekiel Bishop<>player<><>
923<>Josiah Blandin<>player<><>
924<>Carl Bradford<>player<><>
925<>Dwain Bradshaw<>player<><>
926<>Nathaniel Brinker<>player<><>
927<>Jarrid Bryant<>player<><>
928<>Alex Bykovskiy<>player<><>
929<>Deveron Carr<>player<><>
930<>Lloyd Carrington<>player<><>
931<>Gary Chambers<>player<><>
932<>Danny Clark<>player<><>
933<>Taylor Cohan<>player<><>
934<>Davon Coleman<>player<><>
935<>Sean Conaway<>player<><>
936<>Gannon Conway<>player<><>
937<>Chris Coyle<>player<><>
938<>Alden Darby<>player<><>
939<>Billy Davis<>player<><>
940<>Terrell Davis<>player<><>
941<>Jamil Douglas<>player<><>
942<>Joe Eason<>player<><>
943<>Michael Eubank<>player<><>
944<>Tevin Favor<>player<><>
945<>Evan Finkenberg<>player<><>
946<>Salamo Fiso<>player<><>
947<>Parker Flynn<>player<><>
948<>D.J. Foster<>player<><>
949<>Jason Franklin<>player<><>
950<>Frederick Gammage<>player<><>
951<>Andres Garcia<>player<><>
952<>Alex Garoutte<>player<><>
953<>Devin Goodman<>player<><>
954<>Evan Goodman<>player<><>
955<>Marion Grice<>player<><>
956<>Brock Haman<>player<><>
957<>J.J. Holliday<>player<><>
958<>Karl Holmes<>player<><>
959<>Jaxon Hood<>player<><>
960<>Josh Hubner<>player<><>
961<>Osahon Irabor<>player<><>
962<>Dillon Jackson<>player<><>
963<>Brandon Johnson<>player<><>
964<>Keelan Johnson<>player<><>
965<>Kyle Johnson<>player<><>
966<>Oliver Johnson<>player<><>
967<>Anthony Jones<>player<><>
968<>Taylor Kelly<>player<><>
969<>Ronald Kennedy Jr.<>player<><>
970<>Kody Koebensky<>player<><>
971<>Kody Kohl<>player<><>
972<>Kipeli Koniseti<>player<><>
973<>Mo Latu<>player<><>
974<>Danny Lewis<>player<><>
975<>Deantre Lewis<>player<><>
976<>Justin Maenner<>player<><>
977<>Brandon Magee<>player<><>
978<>Cameron Marshall<>player<><>
979<>Isreal Marshall<>player<><>
980<>Steffon Martin<>player<><>
981<>Daniel Masifilo<>player<><>
982<>Stephon McCray<>player<><>
983<>Shane McCullen<>player<><>
984<>Jordan McDonald<>player<><>
985<>William McGehee<>player<><>
986<>Marcus Mehlhaf-Brown<>player<><>
987<>Carlos Mendoza<>player<><>
988<>Kyle Middlebrooks<>player<><>
989<>Jamal Miles<>player<><>
990<>Viliami (Laiu) Moeakiola<>player<><>
991<>Jon Mora<>player<><>
992<>James Morrison<>player<><>
993<>Robert Nelson<>player<><>
994<>Sean O'Grady<>player<><>
995<>Junior Onyeali<>player<><>
996<>CJ Overton<>player<><>
997<>Kevin Ozier<>player<><>
998<>David Pender<>player<><>
999<>Mike Pennel<>player<><>
1000<>A.J. Pickens<>player<><>
1001<>Parker Rasmusson<>player<><>
1002<>R.J. Robinson<>player<><>
1003<>Darwin Rogers<>player<><>
1004<>Rashad Ross<>player<><>
1005<>Matthew Rowe<>player<><>
1006<>C.J. Ryan<>player<><>
1007<>Andrew Sampson<>player<><>
1008<>Chip Sarafin<>player<><>
1009<>Brice Schwab<>player<><>
1010<>Jake Sheffield<>player<><>
1011<>Donnie Shields<>player<><>
1012<>Max Smith<>player<><>
1013<>Richard Smith<>player<><>
1014<>Tyler Sulka<>player<><>
1015<>Will Sutton<>player<><>
1016<>Grandville Taylor<>player<><>
1017<>Vi Teofilo<>player<><>
1018<>Toa Tuitea<>player<><>
1019<>Rashad Wadood<>player<><>
1020<>Easton Wahlstrom<>player<><>
1021<>Marcus Washington<>player<><>
1022<>Luke Williams<>player<><>
1023<>Ryan Woods<>player<><>
1024<>Chris Young<>player<><>
1025<>pass<>event<>When a player (usually the QB) throws the ball to another player in an effort to advance the ball on the field.<>
1026<>TB<>position<><>
1027<>STNFRD<>general<>abbreviation for Stanford<>
1028<>faircatch<>event<>making it illegal for opposition to tackel him<>
1029<>CAL<>general<>abbreviation for California<>
1030<>touchback<>event<>a play in which the ball is rules dead on or behind a team's own goal line<>
1031<>OLB<>position<><>
1032<>OG<>position<><>
1033<>hike<>general<>to center the ball<>
1034<>Washington State Cougars<>team<><>
1035<>California Bears<>team<><>
1036<>Stanford Cardinal<>team<><>
1037<>USC Trojans<>team<><>
1038<>Oregon Ducks<>team<><>
1039<>Arizona State Sun Devils<>team<><>
1040<>Colorado Buffaloes<>team<><>
1041<>Arizona Wildcats<>team<><>
